MLA1148749883	MLA	MicroondasSamsungGrillCerámicoTripleDistribución23lSilver	370726	1	http://http2.mlstatic.com/D_657265-MLA52027687930_102022-I.jpg	2024-10-19 18:33:55.692655
MLA1438178899	MLA	MicroondasBghDigitalQuickChefEco20LitrosB120ds20	348159	1	http://http2.mlstatic.com/D_619777-MLU75982911853_042024-I.jpg	2024-10-19 18:33:55.692655
MLA1852437384	MLA	MicroondasDigitalRenacer20ltsCr720mdBlanco700w	185169.73	1	http://http2.mlstatic.com/D_718460-MLU78047221875_072024-I.jpg	2024-10-19 18:33:55.692655
MLA1116129043	MLA	MicroondasDigitalDaewoo20Litros700wD120d200w	212126.03	50	http://http2.mlstatic.com/D_600222-MLU79065109317_092024-I.jpg	2024-10-19 18:33:55.692655
MLA1371468617	MLA	HornoMicroondasDigitalGrillRenacer23lts800wCr823mg	271699	50	http://http2.mlstatic.com/D_772171-MLA47425763143_092021-I.jpg	2024-10-19 18:33:55.692655
MLA1913271962	MLA	MicroondasAtmaMatdgb23cnNegro23ltsConGrill1000wCts	260999	1	http://http2.mlstatic.com/D_763553-MLU76127531325_052024-I.jpg	2024-10-19 18:33:55.692655
MLA1876627538	MLA	MicroondasRotativoMatrb20an20lts700wNegroAtma	214999	50	http://http2.mlstatic.com/D_859748-MLU73266638951_122023-I.jpg	2024-10-19 18:33:55.692655
MLA929616779	MLA	MicroondasGrillBghQuickChefB228db9Blanco28l220v	351468.21	50	http://http2.mlstatic.com/D_815777-MLU72650817795_112023-I.jpg	2024-10-19 18:33:55.692655
MLA922685043	MLA	MicroondasBgh28Litros220vDigitalEcoB228ds20	348999	150	http://http2.mlstatic.com/D_685390-MLU72491323848_102023-I.jpg	2024-10-19 18:33:55.692655
MLA854741215	MLA	MicroondasBghQuickChefB120db9Blanco20l220v	246999.05	50	http://http2.mlstatic.com/D_739532-MLU72581100810_112023-I.jpg	2024-10-19 18:33:55.692655
MLA1931245042	MLA	MicroondasMecánicoRenacer20LitrosColorBlanco700w5Niveles	222998	150	http://http2.mlstatic.com/D_704816-MLA79581695670_102024-I.jpg	2024-10-19 18:33:55.692655
MLA1874236936	MLA	MicroondasGrillSamsungDeInteriorCerámicoMg23f3k3tak23lNegro	366599	1	http://http2.mlstatic.com/D_683386-MLU72752581668_112023-I.jpg	2024-10-19 18:33:55.692655
MLA1426896457	MLA	MicroondasDigitalVintageAtma20ltsDisplayBlanco	229584.27	1	http://http2.mlstatic.com/D_966564-MLU72761226328_112023-I.jpg	2024-10-19 18:33:55.692655
MLA1450975507	MLA	MicroondasDigitalConGrillAtma28l900wTdgb28cnpiNegro	327919.17	50	http://http2.mlstatic.com/D_883827-MLU77494890379_072024-I.jpg	2024-10-19 18:33:55.692655
MLA1403781369	MLA	MicroondasEmpotrableConGrillSamsung22l2350wPlateado	744999	1	http://http2.mlstatic.com/D_622644-MLU75358348903_032024-I.jpg	2024-10-19 18:33:55.692655
MLA1815431982	MLA	MicroondasHitplusCm206dBlanco20l220v700Watts	164768.98	1	http://http2.mlstatic.com/D_612594-MLA46794084910_072021-I.jpg	2024-10-19 18:33:55.692655
MLA1421814727	MLA	MicroondasDigital20lGoldstar1050wMic-20	239999	1	http://http2.mlstatic.com/D_801451-MLU78166135555_082024-I.jpg	2024-10-19 18:33:55.692655
MLA1139151445	MLA	MicroondasBghEcoNegroDigital20Litros700wMonofunción	319999	1	http://http2.mlstatic.com/D_915495-MLA51372282399_092022-I.jpg	2024-10-19 18:33:55.692655
MLA1929759836	MLA	MicroondasKanjihomeKjh-mw2xlx00123LtsDigital	227998	200	http://http2.mlstatic.com/D_600632-MLA79519374329_092024-I.jpg	2024-10-19 18:33:55.692655
MLA1927380856	MLA	MicroondasDigitalAtmaMatdb20cnNegro20Lts700w	253999	1	http://http2.mlstatic.com/D_645388-MLU72675219638_112023-I.jpg	2024-10-19 18:33:55.692655
MLA1798506122	MLA	MicroondasSmartConTecnologíaHotblast28lMc28m6055ck	552999	1	http://http2.mlstatic.com/D_880488-MLU72563928212_112023-I.jpg	2024-10-19 18:33:55.692655
MLA1443605825	MLA	MicroondasWhirlpoolConGrill25Lts	459990	1	http://http2.mlstatic.com/D_785514-MLA52127401082_102022-I.jpg	2024-10-19 18:33:55.692655
MLA910524436	MLA	MicroondasDigitalBghQuickChefB330dss9Trifunción30L	502319.08	50	http://http2.mlstatic.com/D_949071-MLU72338775643_102023-I.jpg	2024-10-19 18:33:55.692655
MLA1390141755	MLA	MicroondasEmpotrableAtmaMatbds25api25l900w	519002.13	1	http://http2.mlstatic.com/D_893514-MLU72748271753_112023-I.jpg	2024-10-19 18:33:55.692655
MLA1452151631	MLA	MicroondasDigitalAtmaMatdb20uap20L700w	223356	1	http://http2.mlstatic.com/D_797692-MLA79409490381_092024-I.jpg	2024-10-19 18:33:55.692655
MLA1139158411	MLA	MicroondasBghEcoNegroDigital23Litros800w220vNegro	319999.2	1	http://http2.mlstatic.com/D_655714-MLU69962636699_062023-I.jpg	2024-10-19 18:33:55.692655
MLA1918183780	MLA	MicroondasGrillBghB228dn20Negro28l220v	454700	1	http://http2.mlstatic.com/D_852961-MLU73199744645_122023-I.jpg	2024-10-19 18:33:55.692655
MLA1401237250	MLA	MicroondasSanseiMdsa20npiBlanco20l220v	190499	1	http://http2.mlstatic.com/D_973817-MLU75435744190_042024-I.jpg	2024-10-19 18:33:55.692655
MLA1429818666	MLA	MicroondasB120m20MecánicoQuickChefBlanco20Litros	291022	1	http://http2.mlstatic.com/D_835741-MLU75808730812_042024-I.jpg	2024-10-19 18:33:55.692655
MLA1834263664	MLA	MicroondasDigitalPhilcoMpd8620n20Litros700w5Niveles	298999	1	http://http2.mlstatic.com/D_942139-MLU78840105630_092024-I.jpg	2024-10-19 18:33:55.692655
MLA1386452985	MLA	MicroondasRotativoMpr8620nPhilcoBlanco20Litros700w	199999	250	http://http2.mlstatic.com/D_731608-MLU74992703486_032024-I.jpg	2024-10-19 18:33:55.692655
MLA1441190955	MLA	HornoMicroondasDigitalRcaR25dg900wGrill25Litros	283999	1	http://http2.mlstatic.com/D_618861-MLU54982298706_042023-I.jpg	2024-10-19 18:33:55.692655
MLA1150811038	MLA	MicroondasSamsung20LitrosBlancoMe731k-kd	290900	1	http://http2.mlstatic.com/D_646224-MLA46794084190_072021-I.jpg	2024-10-19 18:33:55.692655
MLA1634761492	MLA	MicroondasGrillAtmaAceroInoxidable28l	359749	1	http://http2.mlstatic.com/D_851948-MLA40184463751_122019-I.jpg	2024-10-19 18:33:55.692655
MLA1938818236	MLA	MicroondasBghQuickChefB120dBlanco20l220v	324999	1	http://http2.mlstatic.com/D_673783-MLU79306697835_092024-I.jpg	2024-10-19 18:33:55.692655
MLA1658705930	MLA	MicroondasSamsungEmpotrableGrill1050W/850W22l	744999	1	http://http2.mlstatic.com/D_648838-MLU75358732023_032024-I.jpg	2024-10-19 18:33:55.692655
MLA1937334926	MLA	HornoMicroondasAristonMp776IxEléctricoEmpotrarTouch	1623999	1	http://http2.mlstatic.com/D_670105-MLU77604595426_072024-I.jpg	2024-10-19 18:33:55.692655
MLA1683052456	MLA	MicroondasWhirlpoolWmg30abConGrill30LitrosBlanco	389999	1	http://http2.mlstatic.com/D_777328-MLA50484281270_062022-I.jpg	2024-10-19 18:33:55.692655
MLA1364175813	MLA	MicroondasGrillAtmaEasyCookMd1723gnBlanco23l220v	273999	1	http://http2.mlstatic.com/D_841302-MLU72653654647_112023-I.jpg	2024-10-19 18:33:55.692655
MLA1169686419	MLA	HornoMicroondasPhilcoMpr8520n20Litros700wBlanco	266764	1	http://http2.mlstatic.com/D_982917-MLA52930801098_122022-I.jpg	2024-10-19 18:33:55.692655
MLA1659886246	MLA	MicroondasSamsungBespokeGrillFryCeramico30LBlanco	673999	1	http://http2.mlstatic.com/D_780002-MLU74243379976_022024-I.jpg	2024-10-19 18:33:55.692655
MLA916192717	MLA	MicroondasGrillSamsungMg28f3k3tPlata28l220v	405869	1	http://http2.mlstatic.com/D_961103-MLU72821332773_112023-I.jpg	2024-10-19 18:33:55.692655
MLA1853069042	MLA	MicroondasGrillHitplusCm256dgBlanco25l220v	214709.32	1	http://http2.mlstatic.com/D_832766-MLA52960854781_122022-I.jpg	2024-10-19 18:33:55.692655
MLA1826768350	MLA	MicroondasWhirlpoolCocinaVaporYGril25LitrosMcp346sl	489999	1	http://http2.mlstatic.com/D_815909-MLU78460481133_082024-I.jpg	2024-10-19 18:33:55.692655
MLA1937542884	MLA	HornoMicroondasAristonEmpotrableMd554Ix31litros	1623999	1	http://http2.mlstatic.com/D_695333-MLA79397737962_092024-I.jpg	2024-10-19 18:33:55.692655
MLA1432428779	MLA	MicroondasDaewooD120m-Blanco20lts-220v	246073	1	http://http2.mlstatic.com/D_848539-MLU73129145568_122023-I.jpg	2024-10-19 18:33:55.692655
MLA1185561469	MLA	MicroondasGrillBompaniBo243mx/eAceroInoxidable25l220v	680000	1	http://http2.mlstatic.com/D_651397-MLA40183640511_122019-I.jpg	2024-10-19 18:33:55.692655
MLA1421801173	MLA	MicroondasDigital20lGoldstar1050wMic-20	189999	1	http://http2.mlstatic.com/D_973756-MLU75603360422_042024-I.jpg	2024-10-19 18:33:55.692655
MLA1928169418	MLA	HornoMicroondasManualCr20LitrosCr720700w5Niveles	185998	150	http://http2.mlstatic.com/D_646631-MLA52041395911_102022-I.jpg	2024-10-19 18:33:55.692655
